Vertex,Label,CommunityID
0,mmojadad,0
1,romariormr,0
2,mhhmod,1
3,sokveasnahang-cpu,2
4,DavidsonGomes,3
5,robertoborcem,4
6,p3dr0574,5
7,danirpa,4
8,VoeonAI,6
9,Goulart-SB,5
10,shahrammahadvi,5
11,chagasma,5
12,JhonesSena,2
13,dinesh-suthar-cdp,7
14,gilney-canaltelecom,7
15,sussamgtads,7
16,FelipeBernardesDev,5
17,orfeubr,8
18,reginaldo-machado,7
19,hilsoney1200-dotcom,5
20,UluanRichard,5
21,WhiterBy1,5
22,RoyallGuards,5
23,Mahmoudreda66,7
24,diegoirs23,6
25,NRotili,6
26,mastermailgeral,6
27,YzKencebay,9
28,tectg-solution,6
29,TiagoGouvea,10
30,Header9968,6
31,Luiz-Otavio-Dorigon,11
32,LuizEdgar,12
33,TrolljanO,9
34,modopraiano,9
35,MurilloDanielOfficial,9
36,Darwin-IA-hub,10
37,claudiocastelo,13
38,kunkanon,10
39,asfcarvalho,10
40,studiomarcanti,14
41,pedro-vasconcelos-dev,10
42,braiaagency,10
43,ti613,15
44,Keven-sants,15
45,massilva,15
46,DarkWalking,15
47,juliancesar,15
48,Caiohenrks,15
49,juniorerivaldo,16
50,thiagomishaim,15
51,srmodid,7
52,andersonfelipev,17
53,FernandoBolzan,17
54,Simplobot1,0
55,Dev-Rafhael,17
56,Guilhermesf27,13
57,hic000,10
58,chibancas,18
59,eowoosh,16
60,AdaiasMagdiel,19
61,almirf,20
62,Vialc,20
63,unwarkz,21
64,VitorS0uza,22
65,nicolasbarcellos,14
66,TetoBertolla1,14
67,heydrick1,14
68,JustAtrasado,14
69,wenealves10,14
70,danyllolobo,14
71,queirozmat,23
72,diegobrodr,14
73,Buglessren,14
74,maestropsi,20
75,AlvaroBrasilia,0
76,reisdiegoss,24
77,nolramaf,8
78,jhefersoncrescencio,24
79,ielaineugc,14
80,weblucianosoares-maker,5
81,adrianovictorn,5
82,BrianCz-Eng,13
83,du-medeiros,5
84,Ben-Avrahami,7
85,Bonilhajvv,7
86,gustauobr,7
87,raphael0627f,7
88,marlonvinicius,14
89,lucascampuus,14
90,kasambr,7
91,DanielBelorini,7
92,cristiandigisat-hub,7
93,GustavoCPrado,7
94,elizeufranca,7
95,dujobi-contato,7
96,leonardomnds,7
97,srvelososantos,7
98,willDullius,7
99,LeonardoCostaCTN,25
100,asilvacijun,23
101,fafadexs1,23
102,hlspablo,26
103,DiegoSalvati,0
104,plalebtag,0
105,nadersommer,0
106,elciogiaretta-ops,17
107,AndersonVentin,17
108,leotramanda,17
109,jussimirvfx,17
110,marinaninin,17
111,RodrigoRosalin,9
112,FireGears,17
113,therodmg-source,17
114,msantosjader,26
115,myposty,27
116,GleisonOliveiraAds,14
117,luiscorsog,13
118,noratonegocios-ship-it,14
119,viivaz,22
120,AndreynBastos,14
121,Advfboliveira,14
122,vianahub-pt,0
123,C4stro,0
124,fvieir,11
125,GustavoMenezes33,0
126,emanuelarcos,0
127,RaphaAlmeida,0
128,screamingandmore-cell,0
129,patrick2909,22
130,BezzerraJr,4
131,dgonzalez211,2
132,benjamimprofissional-web,6
133,Eiai-Solutions,14
134,devarsenal,14
135,guilhermemayrinkal,14
136,tam74k,14
137,dsnjunior,14
138,pelinche,14
139,thomasjeferssonvaz,14
140,cleberrafael,14
141,Samukaspc,8
142,bclickdigital,14
143,pedrocagb,14
144,ianmsfvenom,28
145,OussamaToumirt,29
146,matbn,15
147,leorchrds,15
148,LeonardoT07,0
149,vmssistemas,7
150,rcarnavalli,7
151,NathanMotoki,7
152,XmasterFaeu,7
153,matheuspoppl,7
154,josesapereira,7
155,RenildoChavezFlujolink,7
156,AlwaysPalaye,7
157,luizbp,7
158,MatheusMorais34,7
159,Dheyvidj,7
160,juniorxf,7
161,marcostaira,7
162,aibotforproject,7
163,flavio-r,7
164,josealissonbr,11
165,SuKuShaing,7
166,VictoOliv,7
167,CZERNOB0G,7
168,chelof100,7
169,oziresguisa-stack,7
170,cassiofjardim,30
171,anassnammal,30
172,Alfr3d022,7
173,Gabrielribeiroic,7
174,GuilhermeBotingnon,7
175,edson-martins,7
176,rudarecordsdemo-creator,7
177,mendoncart,7
178,Erlonidas,7
179,nickxs1,18
180,NathanMuniz,18
181,mateusrovedaa,18
182,Felip3Figueredo,14
183,amadeujunior18,14
184,uendelcomu,22
185,savinnsk,31
186,ianvirtualis-sudo,32
187,hehuanju,22
188,kawhedorgy,22
189,DumahBrazorf,22
190,Davi-AMF,26
191,ARMCardoso,18
192,marcelongf,22
193,rdelphino,16
194,asuma312,22
195,dkydivyansh,22
196,oademarlima,8
197,acacioegas,22
198,DiegoCostantino,22
199,thiagocalixtoo,7
200,rodrigobeber,33
201,futurahaus,24
202,EsauAlencar1,34
203,adhubmarketing,8
204,raffarossi,35
205,magnum1985,24
206,Jeffmartt,24
207,italotkh,24
208,lucasthompsonamg,24
209,valessiobrito,24
210,Lucasbrunoferreira,8
211,vitorbrrs,36
212,adrianokelvio,36
213,vaxjc,37
214,spotmkt,11
215,Indaiahub,11
216,Issami96,22
217,vgdss,11
218,Bru-noSouza,11
219,wlustosaadv,11
220,willoak,11
221,carlosadmjr,11
222,wolffeduardo,11
223,Tecnicasoft,11
224,joaops2305,11
225,lucassan94,11
226,py-danilopontes,22
227,andreteodoroalves,11
228,Edder097,11
229,gabrielcald,38
230,marinadilda,33
231,yuri12344,11
232,daisito,8
233,ldelvalleh,8
234,sectorres,8
235,OctavioB17,8
236,jcbsantos2015-code,8
237,MagaliL,8
238,Adilmar,8
239,danfelbm,8
240,luisitochavarria-bit,8
241,shsolutions,8
242,MRegit,8
243,WalissonPires,8
244,fabriciomoreirao,13
245,NascimentoRobsonSantos,13
246,JeromeNelsonC,13
247,MattCarneiro,10
248,anirudhbagri,8
249,DjotaHasse,8
250,diegobentes,8
251,srvictorbatista,8
252,B3rr2304,8
253,BodeDimitri,8
254,MuriloFernandesDev,8
255,brjorgedavid,8
256,LuizLobao,8
257,RafaelCardozo02,8
258,hiuryr,8
259,lfelizari,8
260,Emanuellefelix,8
261,mhanelia,8
262,VilasBoas23,8
263,luispimenta,8
264,ig0rayres,33
265,Miliotte,16
266,acelmec,33
267,JMedeiros17,39
268,vinimerida,40
269,andrefrancco,40
270,beliza0014,14
271,agenciabrvdd,15
272,GustavoMimim,7
273,danilodoc,7
274,jicasa03,7
275,geopreguica-a11y,7
276,fehhmont,7
277,rafahoff,7
278,Bluteco,41
279,yMelu,41
280,gcomartins,41
281,sandersonrps,41
282,brunoadspro,11
283,oferrariai,11
284,uzieljr,15
285,RamonRodSou,11
286,Thuglife22741,11
287,GustavoNevez,18
288,danielkv,26
289,jheissonn,18
290,FilippiAraujo,16
291,sebastianxy,10
292,juniorcastr,10
293,Aurelianny,10
294,bmoweb,10
295,Marcusluca,33
296,rbarcelo,10
297,MatheusLedstar,4
298,shorvelyn,8
299,saviosprinty,8
300,lostmga,0
301,HameXAcademy,8
302,lobx13,33
303,Alemar10,8
304,fcperez96,8
305,juliocamargo10,8
306,luiz10leite-glitch,33
307,Riders004,42
308,fernandosegrr,17
309,mjhidalgo,17
310,Gatelli1993,17
311,caesar621,17
312,CristianPG-FME,16
313,grupale,20
314,rmogro,16
315,amacfe-ui,3
316,GusMartins499,3
317,gkp1,26
318,allan-outside,13
319,segeletron,16
320,BootecoBOot,18
321,ONinguem,18
322,kenneson,16
323,rodrigodsluz,18
324,lucaspmaiadev-gif,18
325,adrianobraz,18
326,Allvasc,18
327,lcmouras,18
328,MANINtecn,18
329,victor-hdgomes,18
330,goldfypro-debug,18
331,viniciusguardaa-cpu,18
332,Jotamtcoisa,18
333,renatom3ndes,18
334,placidodaniel,18
335,marciobele,18
336,pinheirorangel89-art,18
337,masterkachu,18
338,conectoutsourcing,18
339,felipepiton,16
340,romariouba,18
341,victor-azevedo,18
342,lucasevss,18
343,aguga491,18
344,julioantunes-ti,9
345,tiosam21,18
346,danielmatiello,18
347,ArildoMello,18
348,karlosgaldino,18
349,quatroventos,18
350,previdprocessos-hashch,26
351,emretaskiran1,26
352,mkfyasar,26
353,Joao-Guthembergue,26
354,Matheus-develope,20
355,imaginelabpy-code,14
356,pauloanalista,20
357,LuisGuilhermeRampaso,10
358,machoalfastore01-ai,20
359,andreysuprano,10
360,FinPartner,10
361,souwilliamdiassilva,20
362,thiago-audithorium,20
363,andersonlkll,20
364,gabrielfelipeslv,20
365,MarcoLopezf,20
366,gustavo-lg,20
367,g-solis,20
368,cleprog-co,20
369,allefrodrigo,20
370,Feeh03114,20
371,marcoantoniofassa,20
372,flashanalytics-felipeaguiar,20
373,PhyBruno,23
374,thiagoaaragao,20
375,Fhelyp,20
376,DeNiNhOoO,10
377,thiagobrst,20
378,vitorgomespro,20
379,lucasgsalmeida,20
380,gustavosouzalima,20
381,lucasmassarosimoes,20
382,lucaskreich,10
383,renatogava,10
384,alexsandroluz,10
385,BeOnTech01,10
386,medinavs,10
387,brunomond,43
388,rdmalves87,23
389,nachotdl,14
390,antoniogsouzaag,14
391,imapproved,14
392,vitorhfcastro,44
393,maikelagm,45
394,massimorm,3
395,arthurbrenno,15
396,B3t4C0d3,23
397,pbm94,46
398,celestinofjanuario-ctrl,26
399,kunumigab,4
400,hereck,4
401,sutidor,47
402,Victorcassiano,14
403,abdelrhmanfawzym,14
404,Cranbaerry,14
405,GTMoraes,14
406,lucasguzo,14
407,zurielamorim,14
408,r0usis,48
409,mikekiroz,9
410,fluintech,49
411,jonathanpog98,0
412,RelaxSolucoes,14
413,estebanlis,14
414,mahdihaghnegar,14
415,willph,14
416,isaqueipromotora,14
417,Brandevtech,14
418,flavioxx,14
419,menezesvitoria1502-art,14
420,mpacheco92,14
421,Jadsonps-dev,14
422,carvalho7976,14
423,redequeroimoveis,14
424,jasplink-spec,50
425,ewanly,51
426,sidneyfmeco,52
427,FCanedo90,52
428,guia-livre,20
429,viniciusferreira-sys,20
430,hernandesbylara,8
431,miguelbispo,20
432,Vinn4k,20
433,tvieirabruna,53
434,DanielSilvaol,4
435,forwardbridgefw-stack,4
436,metrifiquese-spec,4
437,luizcw,4
438,BryanLucas7,4
439,cadukiz,4
440,ejferrazzongit,4
441,JefersonRamos,0
442,dlc-letelier,4
443,leonardolessa,22
444,Pedreiros22,14
445,hugoinsider,14
446,santosgalahack,14
447,davidreis90-spec,14
448,adolfosp,54
449,JuniorBods,54
450,RaFaeL-Cunha,4
451,abioluz,7
452,AlejoTorres2001,7
453,renansko-vilela,7
454,fredericoalvesmoreira2025,55
455,JeandersonR2,3
456,michaelvips,0
457,tobiasbenkner,3
458,netoduwe,56
459,pedrosantosredefacil,57
460,Droid0123,58
461,sluy,14
462,cleytoncoro,6
463,joaovcoliveira,20
464,KokeroO,10
465,RamonSouza96,14
466,daniel-eder,14
467,juniortopanotti,5
468,pedroarthuralvesdeoliveira,20
469,brunosantanarj,14
470,robsonrosa,14
471,DoShaston,59
472,jjmmbb,18
473,Vixti,20
474,gptesv,20
475,lcssurf,20
476,flavianoredressa,23
477,gu1Vaz,20
478,brunoblbla,20
479,Regis-BR,60
480,joaocps,0
481,gbpufscar,0
482,DaniloGouvea,0
483,zaryabmustafa,0
484,luisadidomenico,0
485,maikramer,0
486,phroriz,20
487,beeowned,20
488,dhyegocalota,20
489,danielvieirabrwo,5
490,ppimentelrj,20
491,RenanRodriguesTI,20
492,asanches-dot,20
493,edubortolotti,61
494,jholhewres,20
495,carola-m,0
496,FelipeVeiga,0
497,bgoncalves98,0
498,mariano-aferrari,0
499,andifilhohub,7
500,thiagotoffanetto,7
501,ftruppel,7
502,matewz,7
503,jdinix,7
504,JMultimidia,7
505,rodolphoAle,11
506,erigobeli,7
507,michumichifu,7
508,CuriousGu,7
509,abdulsamadola,7
510,rhuan-angio,62
511,AntonioWeb-dev,22
512,Lmagalhaesz,22
513,guilhermegobbo,26
514,masimpacto,63
515,wagnerraugustp,20
516,codemaoz90,64
517,JhonTechBr,22
518,utadluis,9
519,rarisenpai,9
520,hasiburbondstein-dotcom,65
521,CosminIordache,65
522,moabmoraes,66
523,avaleadoficial,22
524,fabriciofeijo,5
525,nachokhan,22
526,andreylima,0
527,WesleyjanLacerda,67
528,Edupazzi,67
529,Julio-Braz,67
530,truutruu667-cloud,67
531,dani-pinheiro01,67
532,viictorcamposs,67
533,WevertonRufoTavares,67
534,leoslg,17
535,davidmnzs,26
536,gabrielroger2020,16
537,Danilim04,16
538,mv8digital,16
539,MUKINH4,16
540,pontedigital1,5
541,gabrielrouss,20
542,astoraoliveira-alt,16
543,midcompany,16
544,mizaelks,24
545,LucianTavares,24
546,rodrigorochanl,22
547,jsonmc96,22
548,felipematos,3
549,DAVIAMERICO242,4
550,Lucasendlichgomes,16
551,TilsonM17,16
552,icarojobs,16
553,AlexandreProenca,16
554,MohaDevPro,16
555,Legionariocf,16
556,rapososoftwares,68
557,salomonamiga,69
558,TML-CODES,3
559,marquinhos2701,16
560,nrokiredef,16
561,RaphaelBerbel,16
562,linefds,0
563,backupsGit,70
564,gcdesigner,70
565,lfvperes,70
566,raguife,4
567,jesustejerina,4
568,brennersc,18
569,marciodiasdeveloper,18
570,gustavodona,18
571,afrociberdelio,18
572,rillerqueiroz,13
573,Bubex,18
574,RodolfoBonis,18
575,willzins,4
576,nandobfer,10
577,Tom225533,10
578,ktfth,24
579,caionorder,8
580,CarlosEReis,24
581,lotto645sandeepkumar-sys,71
582,vinicius-acruz,7
583,darwingtx,14
584,educardoso,4
585,JoaoAFSousa,4
586,rosbergrodrigues,4
587,gabrielhhaber,33
588,MikeSoft,33
589,pedroSoaresll,6
590,floresdemoksha,33
591,Pohl2025,33
592,MONTAR0N,33
593,gabrielmarketingfrt-hash,72
594,kleberit,73
595,oMaiaa,16
596,davijr,16
597,shNerotic,16
598,orlandombaa,74
599,lucianokatze,20
600,EmadBiteon,20
601,Vitordotpy,5
602,NabilSgar,5
603,sostenesapollo,4
604,mike66888866-beep,18
605,dpaes,8
606,wleopach,3
607,im1hamada,18
608,santonymous,3
609,andres99x,0
610,vitusan,4
611,HectorMouraM,4
612,top-master,4
613,limadrops06-ui,17
614,delattre1,5
615,voacatofe,17
616,igorafDEV,17
617,Eslamahmed211,75
618,exiliumgames,76
619,zerosantos2207-creator,77
620,ghost,4
621,Albatroxi,4
622,raphaelscaf,4
623,VictorWollyver,4
624,diogod2r,7
625,adindaco,7
626,igorcb123,78
627,natanlopes01,5
628,tasfw,22
629,GustavoNovak,5
630,brunobsolano,5
631,MatheusCostaVaz,5
632,tonimoreiraa,7
633,joacir,5
634,WanderleyGrecco,33
635,byronkenoly,33
636,vitoramaral10,4
637,jardeldourado10,4
638,leonardobitt,79
639,caua1503,79
640,thivalente,79
641,crawlchange,10
642,firstatack,80
643,thezykedev,81
644,MELUAUTOMACOES,81
645,samuelseixassilva,82
646,vduggen,83
647,LuizFelipeCode,84
648,frieck,26
649,rivasduran,26
650,elmandayp,5
651,jinfanzon,85
652,campodonio-bit,85
653,dvmarthur,5
654,Belkior,5
655,rafaelpoa,5
656,cardosoleandro,22
657,GMUNDI,86
658,PhantixRoot,8
659,000MaDz000,8
660,Davis-IA,22
661,MikhailProfile,6
662,nidomus,4
663,Phristyle,20
664,nicolaseleitorweb-star,4
665,marcosmarf27,4
666,dgreis,20
667,furious,23
668,olucastoledo,17
669,RuanWill29,17
670,telenovo-telecom,17
671,matheushug0,17
672,Tutiten,17
673,ErickECD,17
674,NightWolfw,17
675,Batt0sa1,7
676,isadoragalvaoss,7
677,RaphaDZN,7
678,claudiohsc,7
679,diegocpires,7
680,htsnet,7
681,nicolastrabalho-rgb,7
682,cassianomansano,7
683,danielfsbarreto,7
684,fatguru,3
685,DaviResDev,0
686,celiacarvalhopsi10-commits,0
687,Allternatelab,0
688,Fotonnn,23
689,bocmx,23
690,gomes0202,3
691,stevapps0,33
692,JoaoCaFeBe,87
693,Pequem,6
694,lksdog,3
695,Clistenis99,3
696,GabrielMBoeira,3
697,venturion,15
698,jsoescobar,15
699,tosipaulo,6
700,gahius,6
701,allanrms,6
702,Filipe-QuickFlip,6
703,andreswiidigital,6
704,uelton22,6
705,brendonalcantara97,6
706,dennerstorres,6
707,thiagomirandamc,6
708,dresslerfelipe,6
709,LucianoSilvaSantos,6
710,aislandener,6
711,PHDiniiz,6
712,evieira357,6
713,arielesp,6
714,kbetoacero,6
715,gabriel447,6
716,razametal,6
717,FrewsDev,88
718,josemiguelq,6
719,paranatrack,6
720,esskyyy,6
721,biscoitodoja-bit,3
722,andre-tolentino,15
723,LincolnFranca,15
724,ofabianomartins,89
725,AngeloBestetti,89
726,lluiscab,90
727,luiscabus,90
728,dylanoli,23
729,Sarkozit,64
730,pedrobtenorio,64
731,ivanmirandaf,64
732,jose-villamizar-JVL,22
733,ArturoRivera98,3
734,paulobautz,3
735,heber0s,16
736,ericklb84,16
737,persi-ai,16
738,crazynds,16
739,vanchenkin,16
740,lucafanucchi,16
741,sako313,16
742,naeem-afadar,16
743,abhinavaggarwal1981,16
744,MIGUELNINOSILVA,16
745,douglasfranciscon,0
746,guilherme2711,33
747,CaymanS0,5
748,CGSobral,5
749,benjaminheredia1,5
750,ederbatera,5
751,lokoquax,62
752,carlosqlt-007,91
753,brunodsstudio,11
754,andrealencar,5
755,andrekutianski,5
756,guhweb,5
757,thiagoomatheus,0
758,danielrvieira,5
759,gabizera,5
760,edersonmartinsv,5
761,ricdemgtz,13
762,Hatem-UrWave,31
763,darc1008,13
764,ShIvAmKaUsHaL69,13
765,moamkh,13
766,liuanmachado19,7
767,yLost,14
768,JhonnMeira,7
769,Massa191,7
770,miltonbastos,8
771,caioamaral,8
772,meumlpontocom,8
773,LucasGazulaICCAP,20
774,ddavid-almeida,4
775,nadoneves,20
776,dimitrihartt,20
777,Oivolari,17
778,rubithedev,16
779,nestordavalos,26
780,protracker251437,14
781,GabrielM0709,14
782,vinitercariol,14
783,Flow-Sistemas,0
784,w-mcardoso,0
785,agvirgula,0
786,fredericopaulista,0
787,jayceadler,92
788,DCajiao,92
789,DevGabito0709,92
790,strvictor,5
791,AnxHall,5
792,Tiagoamrein,5
793,jonra1993,5
794,paulohenrique14,16
795,lucasnjsilva,16
796,Efluxoautomacao,16
797,reno3788,16
798,albanirneves,0
799,M4rdine,18
800,sonicwil,0
801,NestorMiniDEV,0
802,Mdmartinez97,0
803,HELIOPOTELICKI,62
804,JulioLang,0
805,kcifuentes,0
806,rrodriguescs,0
807,tomatoes-prog,0
808,fbeas,0
809,brasiljh,0
810,lafi87,0
811,lwkoon,0
812,im-srj,0
813,maysoncbn1-glitch,16
814,Ebaoj,16
815,sanches182,16
816,marcinn001,16
817,ricardotassone,16
818,Yefclub,16
819,raulsilvaitpro,16
820,bernardes-93,16
821,gminarello,62
822,Jeferson-Ramos-Einov,62
823,eduardobassan,62
824,Emanuelvtsg,62
825,Carloscadu8700,62
826,accuhealth-cl,29
827,rodrigotvq,93
828,augustosturm,33
829,joweste,33
830,abextadu,33
831,hiker328,33
832,edsonalanis,33
833,andrealmei,33
834,miguelarcjr,33
835,cayquecastellucci,33
836,joaoppa,33
837,Rodrigo-SE03,33
838,rafael-keller,33
839,sachinravindran,33
840,antoniomldev,94
841,VictorCard2022,21
842,mauriblint,22
843,jfobaltazar,95
844,Panic1811,96
845,Shadoxity,96
846,djbautista,96
847,tvbrgamer,97
848,DevNeuronex,15
849,AbdullahZaher,23
850,caiobleggi,20
851,ddean6232,22
852,Gtiware,22
853,amo-mkt,22
854,life347,22
855,franciscof5,22
856,Jpcampos123,22
857,trojantm,33
858,juniorgermano,62
859,iamedusm,9
860,poupeplanfinan,33
861,AndersonProfeta,33
862,Matrix-Bebeto,33
863,robsonflowers,33
864,nathanarend,33
865,everttoncampos,33
866,GuianaStore,33
867,austriansnow,15
868,pedroivobraga,4
869,esalonso,15
870,brunoleitem,15
871,natani3ls,15
872,salmeidagois,17
873,joanna-carvalho,17
874,trendplacebr,17
875,ViniciusDalZot,17
876,zxtheuxz,17
877,willskz,17
878,matheusaudi,17
879,augustresende,2
880,sanini,98
881,kingkaibr,33
882,021fneves,13
883,allanbrunobr,99
884,crosspopz,99
885,leonardoFrizziFetchly,16
886,1Jo1,16
887,spacewaterbear,16
888,edusachs,9
889,hyagonani,3
890,francisbreit,100
891,Jaya-Braga,100
892,gqueirozs,101
893,FBrandex,23
894,janiohr,23
895,Lsmelo80,23
896,sibelius,23
897,JoePereiraa,10
898,UnDer-7,9
899,saggerbr,102
900,creditosya26-creator,102
901,jacksonlcruz,4
902,Claudi0-Oliveira,4
903,jbenteu,24
904,iderlando,4
905,Liviofrol,4
906,lbfabiano7,5
907,rodolfocella,16
908,Sajidali001,31
909,johnathanscc,16
910,brunocastilho88,16
911,Casmei,103
912,viniciusbraz-dev,31
913,karthiknitt,31
914,JoseAngelGlz,31
915,primocassiano,104
916,LeninZapata,5
917,camarigor,15
918,kay0ramon,24
919,lvfproducao,24
920,augustocss,24
921,gomesOseias,24
922,jotarodriguezv,20
923,sgrcreations,20
924,itukconsulting,20
925,devjn1998,4
926,wylken,5
927,cassiodev,5
928,matheuslenke,5
929,sergiogonzalezfreelance,4
930,imagine-pat,31
931,delim777,31
932,edsonwachholz,31
933,alhaag,31
934,pedrosantosexe,31
935,andreynevez,31
936,Thyanri,31
937,atlasborn,31
938,gibranpulga,31
939,marioirodrigues-dev,31
940,VicenteBatistaVB,31
941,phLuna,31
942,brumviews,31
943,EduardoAndradeMachado,31
944,mcabral2510,31
945,melzilucas,31
946,jeanmaule,31
947,dev-alexandreoliveira,31
948,JOAO322323232323,31
949,marcelosaguiar,31
950,odirlon,3
951,edivaldosegundo,3
952,MozanielPSC,3
953,felipecontroll,9
954,teovillanueva,0
955,marcelomagfor,0
956,hericogimo,26
957,aherrh02,0
958,stuartffh,8
959,hosanah,8
960,Wesley232-oa,105
961,uwe72,3
962,thallesbrandao,14
963,cesarka1,14
964,lucianomdo,14
965,joaosouz4dev,22
966,edfvalim,22
967,viniciusconexi9,22
968,gustavo-diniz,22
969,jungabriel56,106
970,SharkBounty,3
971,jorgevelosodev,107
972,RECOHA,107
973,BYMSA-DEX,10
974,saulobborges,33
975,smartscaile,7
976,najiro8v,7
977,thefelipefreire,7
978,Danielwebgit,7
979,dree4312,3
980,decodegear,62
981,Midasstart,62
982,RenanBucci,62
983,rafaelget,62
984,0xluc,62
985,iBandMarketing,62
986,thallesmitchell,62
987,edneymatias,62
988,eTrinityE,22
989,luizpaulomonteiro,20
990,aabnoguera,20
991,Leonardo-cp-ai,10
992,atendiatec,20
993,GabrielCannavo,20
994,RSGestoria,10
995,rodrigossoares322,31
996,warley-oliveira,31
997,Meicer10,9
998,joaobibiano,3
999,mdaushi,20
1000,Kaique-Grigoletto,5
1001,juniorsereno,5
1002,gabrieljablonski,5
1003,lourencoerick,5
1004,fscardua,5
1005,MuriloAMiranda147,13
1006,gabialvarenga,13
1007,luanmbrito,13
1008,victorpergher,13
1009,pedroramosuerj,23
1010,arthurcts,13
1011,hustle-inc7,13
1012,felipeandrewtwo,13
1013,IsmaelGGomes,13
1014,willianbsb,62
1015,matheuscampbell,62
1016,mhisistemas,62
1017,tiagoviniciosia,62
1018,JorgeHRP,20
1019,emariot,20
1020,victorhugo-applicativa,3
1021,BrunetoPassagens,3
1022,caetanopacheco,22
1023,joaoguilhermeeu,22
1024,salmiox,15
1025,vinicin7,0
1026,Isaac-alencar,15
1027,vmontoyasmtop,15
1028,Floryvibla,15
1029,msmaiza,15
1030,Srreven,23
1031,MatheusMoraisDescomplica,23
1032,josevitor676,33
1033,rodrigocabraln,33
1034,cliquemania,33
1035,FedrigoSmart,33
1036,icaro-dahora,33
1037,andersonluciano,33
1038,jonassilva90,33
1039,santoswillames,33
1040,ederson44,33
1041,adaptesolucoes,33
1042,CarlosWss,33
1043,Rody-Nunes,4
1044,pess0a,5
1045,pedroyuuki,4
1046,valneimelo,62
1047,Gabrklein,62
1048,brvt,62
1049,yydevelopment,0
1050,jotaperez3,0
1051,Rodrigo131102,0
1052,pr-maia,0
1053,TheCsarbeat,0
1054,EmanoelFaria,0
1055,cvrtopher,0
1056,cygustronic,0
1057,guilhermeverdoodt,0
1058,tonz1818,3
1059,pablodiegoo,23
1060,ViniciusCortez0202,23
1061,rogpessoa,23
1062,socger,10
1063,EltonPereira12,13
1064,Gabriel-Souza2,33
1065,diegofss11,33
1066,diegoqantas,33
1067,jamesjhonatan123,33
1068,rodrigo-ogioni,6
1069,RafaelDomenegueti,6
1070,WagnerWolf,6
1071,LuccaDurigan,6
1072,mstuttgart,6
1073,Jacodom,6
1074,Dza-12,6
1075,kileandrasoares,11
1076,brunoscruz2023,6
1077,medeiroscv,6
1078,PedroProduct,3
1079,dionepereirass,3
1080,lucsqroz,24
1081,jsKahne,24
1082,davidtmiranda,24
1083,rafaelmacedox,24
1084,HambaBersalah,6
1085,nextcomm,24
1086,solucionesiacloud,24
1087,almirb,8
1088,lucasamaral11,8
1089,luiseduardoluz,5
1090,jesserovira,10
1091,viegasozeias,5
1092,Guidmr,5
1093,LucasPolicenter,5
1094,kennedysmartins,5
1095,clebiano,5
1096,phoenixsampras,3
1097,fabioaragao,2
1098,InfiniteGear,62
1099,schimaia1,62
1100,flavionc,62
1101,rocketagenciaseo,62
1102,sonnpaulo,62
1103,ladeiraluiz,62
1104,victorconde1,62
1105,rodrigorossi22,62
1106,Thiagogestormkt,62
1107,smartflixbr,62
1108,vitormrsp,62
1109,tcghiraldiniapi,62
1110,edisonmartinsmkt,17
1111,antonio-abrantes,62
1112,ASchneiderBR,22
1113,celobusana,22
1114,ThiagoSenaJT,22
1115,carrati,22
1116,EzequiasCandeia,22
1117,jilcimar,6
1118,youngkhaf,6
1119,jlenon7,6
1120,Henriquuepedro,6
1121,onovotrafego,3
1122,RenanPiffer,3
1123,MayconSantosBR,4
1124,wlucenasec,4
1125,GabePaduch,4
1126,mariogalvao,4
1127,juan-duran,4
1128,anderecc,26
1129,jhonwimo,7
1130,djgoulart,0
1131,githubsaturn,3
1132,dudis,20
1133,voodobr,20
1134,pachecothiago,20
1135,matsnascimento,10
1136,marceel08,3
1137,fokc1509,31
1138,prhost,31
1139,suporteaoficina,31
1140,Jp-K,31
1141,Marloncristianolp,11
1142,mauro-andre,3
1143,jwcaceres78,24
1144,IAntropo,24
1145,Procuria,24
1146,aliuosio,24
1147,vilsonnjr,6
1148,drauber,23
1149,erildobarone,33
1150,jhonatantav,18
1151,jhonathanabreu,13
1152,Marcone-zz,18
1153,StarTron,18
1154,Rafhageek,3
1155,nmultimidia,3
1156,brunofelixbessa,0
1157,tallesairan,0
1158,SimpleDevSam,0
1159,joaoporth,0
1160,paulognu,0
1161,toledopiza,0
1162,regisnew,0
1163,mBraga28,0
1164,rafwell,17
1165,alexjlutke,17
1166,spacephotosp,4
1167,Santosl2,4
1168,josemgjunior,13
1169,EDSONN56,18
1170,Talhary,3
1171,gabrielgranado,3
1172,LeonardoSFreire,4
1173,fernandeshenrique15,4
1174,henriqueapgomes,3
1175,foqc,26
1176,guilombardi91,18
1177,EmmersonRodrigues,18
1178,jwcunhagit,3
1179,sacaciabesac,3
1180,enbellotto,3
1181,Fernacom-Sistemas,3
1182,radamesbispo,0
1183,joaohenriquecs87,0
1184,davidlustosa,17
1185,Raphaildest,5
1186,adelmops,5
1187,bahoan,13
1188,matheuspinhati,13
1189,huenderpereira,108
1190,rogeriolixa,13
1191,carnivash,13
1192,wilerptech,13
1193,ViliNeto,23
1194,muno3421,13
1195,wigo007,13
1196,FIXONWEB,13
1197,palvesgomes73,4
1198,master-kenobi,8
1199,xespi,22
1200,hermespereira,8
1201,Vinaum8,8
1202,jwdutra,31
1203,rdtecnologia,31
1204,ramonmatias19,31
1205,coffeverton,31
1206,eduardoboca,31
1207,JGabriel963,3
1208,EffEmPee,3
1209,jjctmoto,3
1210,g-vrd,8
1211,jrcobenar,3
1212,przewodo,3
1213,diogodomanski,0
1214,agenciasinapse,62
1215,Lucasjnt,62
1216,jvamancio,62
1217,negociartech,62
1218,marcolinoffls,62
1219,fabiodevn1,62
1220,DouglasSalvagni,109
1221,srpavani,20
1222,guipi3,20
1223,vdiaza,20
1224,ssouza,20
1225,JVSC99,20
1226,Tuphiq,3
1227,Vitorwerneck,3
1228,GranamyrBR,3
1229,franklinmoreiras,3
1230,multideskio,10
1231,CampeloMarcos,10
1232,mathias-ctrl,10
1233,CarlosSLoureiro,62
1234,llfaria,62
1235,hatembadran,26
1236,wandrey7,15
1237,halarumdigital,10
1238,gmarruda,10
1239,ArielS1,18
1240,kuncoroatmojo,24
1241,muava12,8
1242,alenicomar,24
1243,MaiconFelicio,24
1244,martoni891,8
1245,robinhodemorais,8
1246,Rodribm10,10
1247,santos78-hub,23
1248,amirhamzh,23
1249,Pantaleaogc,23
1250,agencia904,15
1251,EduardoDos-SantosP,23
1252,dv336699,10
1253,leonardopilz,10
1254,guigagb,31
1255,joaopauloit,2
1256,FabioHAraujo,3
1257,nayralopes,2
1258,JOESTAR117,0
1259,crmkt,0
1260,factcil-web,0
1261,fakipper,0
1262,leonardo-lacerda,0
1263,GustavoElevenX,0
1264,Limeirelles,0
1265,george-WSS,26
1266,iagocotta,26
1267,pedro-php,26
1268,autotrafego,26
1269,ygorsantana,26
1270,clsshbr2,26
1271,faganello,26
1272,martinsjr,26
1273,prospeccaodigital,26
1274,IGPGCOMERCIO,3
1275,autonom-ia,9
1276,axonia-tools,2
1277,marcelinhov2,8
1278,brunopinto123,3
1279,R4T0,3
1280,osombot,8
1281,GabrielAlmeida987,110
1282,nerosolutions,4
1283,kyulucas,4
1284,vinidevai,4
1285,gtjadsonsantos,4
1286,ryzinN,4
1287,viniciusvieira00,4
1288,fabiofrances,22
1289,tmsdesarrollo3,18
1290,romiltolopes,4
1291,Infomaquina,4
1292,LucasCorrei,4
1293,jayveloper,4
1294,gdok-gestao,4
1295,edimarsiqueira90,5
1296,Felizolinha,5
1297,Jeferson-Diniz,5
1298,RafaFenix,33
1299,andersonid,33
1300,gcbcarneiro,5
1301,augustobr1to,33
1302,andressalvarez,5
1303,grupojr7,15
1304,tuliosousapro,5
1305,davidneyravyr,5
1306,MMaiconnascimento,5
1307,MustaCH,5
1308,nitinsanghi,5
1309,BryanVillaDev,22
1310,Saccomani,22
1311,italomarcelogit,4
1312,DarciCJr,4
1313,dctsistemas,4
1314,joao-baza,20
1315,matefs,3
1316,deivid2025,3
1317,luisphtrindade,3
1318,igordeloyola,3
1319,emarineli,3
1320,liota,8
1321,Pezhvak,18
1322,ap4everthing,8
1323,fernandoa935,8
1324,lmontelatto,8
1325,rcesar,10
1326,jrafael29,10
1327,bergpinheiro,10
1328,JordyContador,10
1329,alissonamorim2004,10
1330,ElitonJSJr,10
1331,DiegoFalabella,10
1332,ribeiro-automatize,10
1333,admdanielspalma,8
1334,ifai-ai,18
1335,tiburssio,18
1336,Matheus-SS,18
1337,rafaelmenon,8
1338,GilMedeiros,20
1339,prudenciooficial,20
1340,Gabriel-oc1,8
1341,Raulcvf1,8
1342,usjavs14,8
1343,IchthysMaranatha,8
1344,Bruno-Butzke,15
1345,osmarkozanjr,3
1346,luislhsc,10
1347,parkejunior,10
1348,raphamzn,10
1349,paulop,10
1350,lucasnp92,10
1351,nikolinm,10
1352,luizphelipes,10
1353,NieriDantas,10
1354,PetersonFonseca,10
1355,brunoagentes2025-dot,10
1356,marcelloinfoweb,31
1357,alebraso,3
1358,elimesquita,3
1359,ravanellodev,3
1360,iphoneconsult,0
1361,Romulorib25,0
1362,darkklin,22
1363,sergio-scardigno,22
1364,patrickmau,24
1365,yewkay,24
1366,sergiodmcosta86,24
1367,jaimenasser,0
1368,luismata01,0
1369,scsrat,0
1370,Pbizado,3
1371,rojdev,3
1372,eugeniocarvalho,11
1373,marcelo-candido,22
1374,juanjosesarabia,22
1375,Samu3l-95,22
1376,tecvirtua,22
1377,maisSistemasDev,22
1378,charlesbatemarque,22
1379,PabloBernar,22
1380,dih1,22
1381,moraiscode,22
1382,IntezMercurio,22
1383,lucasstro,22
1384,oluanferreira,22
1385,rrnazario,22
1386,Vutsoga22,22
1387,erpwoosync,24
1388,thexiox,24
1389,Wibbox,3
1390,IgorFSSilva,0
1391,Hedriss10,11
1392,bparreira17,22
1393,caiython,11
1394,al3xv0lk,11
1395,chetanshintre,6
1396,RodrigoFacioDev,6
1397,kondurisai,6
1398,luisotavio756,6
1399,Juan-Alves-1,6
1400,ip2cloud,24
1401,cowaleinc,24
1402,n-qber,24
1403,arthurprudenteres,24
1404,diego-lipinski-de-castro,24
1405,ViniciusLucas14,62
1406,AL-ALIE,62
1407,thiago-rferreira,62
1408,MarceloArraes,62
1409,barto95100,62
1410,claudiocorazza,16
1411,SandroAlmeidaDev,24
1412,ervaloliveira,24
1413,AbdelrahimE,24
1414,phrodriguesilva,24
1415,lucasbolanho,24
1416,doazeite,24
1417,VinnyZK,24
1418,brunoclc,24
1419,douglasvargas1995,24
1420,PedroTigre123,24
1421,rod-tay,24
1422,rodrigobg,62
1423,ideiabot,62
1424,danilosouza-dev,62
1425,Orbe2025,62
1426,GMCloudCorp,62
1427,HugooSantos,17
1428,aaguilare,17
1429,cedric-sd,26
1430,ojauumdev,3
1431,adryansf,3
1432,gerson-henrique,5
1433,techwavedev,5
1434,willianxzy,5
1435,MarcosPPL2,5
1436,carrilloapps,5
1437,WillianyV,5
1438,AdonisTrappe,5
1439,dbechelli,5
1440,razzera,0
1441,tainanflores,22
1442,Daquisu,4
1443,julia-otomoduarte,4
1444,Storedias,4
1445,hamzaa53,24
1446,jrvidotti,11
1447,modeldb-consultoria,3
1448,HPleite01,24
1449,ShowtimeProp,24
1450,alexdistegit,24
1451,rychaardm,24
1452,climacompany,24
1453,opttai,111
1454,jorceli,111
1455,ensinardigitaldev,111
1456,MauMauRobert,11
1457,ryankoh2864,11
1458,Amr-Abdelaziz,11
1459,gyulamester,11
1460,alepfilho,11
1461,jeorgy,11
1462,saulotarsobc,11
1463,FagnerSiriano,11
1464,leogarrido96,11
1465,williambauch,11
1466,IOhacker,11
1467,starteventos,11
1468,mirkarpude,11
1469,pedrolabreu,11
1470,caam1406,11
1471,smoldah,11
1472,Dilshad4,11
1473,Ryan03037,33
1474,leo-moraes,33
1475,hypegg,33
1476,jpmartins201,33
1477,thailonlucas,33
1478,tukangparkir2008,3
1479,phpiando,3
1480,dsalvanhini,0
1481,johnnybs2,10
1482,DRIMOL,10
1483,hudinikdev,10
1484,cendyandreoli,10
1485,tiago18fap,21
1486,gabriel-miranda7,21
1487,danilolimar,22
1488,willguitaradmfar,21
1489,dmasciel,21
1490,seckerIA,21
1491,danilobrizola,21
1492,McamargoGotWorx,21
1493,thiagofagundess,21
1494,DieGuilherme,21
1495,rodrigobatista21,21
1496,aleramirezsj,21
1497,engenheiroquant,21
1498,spartagraficos,21
1499,Caous,23
1500,mokbhai,23
1501,WarlaxZ,23
1502,WEBudoGT,22
1503,dennismartini,22
1504,wagneralmandes,18
1505,VinicioAM,31
1506,Jerribeiro1,112
1507,jeanzulk,4
1508,alexx2601,4
1509,hillux2600,3
1510,juancresc,6
1511,trevisanisolutions,6
1512,Captando,6
1513,vsalgueiro7,6
1514,flpnascimento45,6
1515,pablod1mkt,6
1516,LeoAzevedo59,6
1517,rafaeloliveiraz,6
1518,leonidasamorim,6
1519,gustavoneves1,6
1520,samuel-cardoso,6
1521,rhafiko,23
1522,diglesiasus,6
1523,JBdesarrollo,24
1524,mvmendes,24
1525,Webion2019,24
1526,danilobreda,24
1527,b8adel,24
1528,adriannoes,24
1529,Bitmerchants,24
1530,CesareIsHere,24
1531,iaurg,24
1532,luccamrofc,24
1533,alyleite,24
1534,luisfilipesant,24
1535,4y55,24
1536,heitorlopes2404,24
1537,jose-marcos-costa,24
1538,jasp402,24
1539,tjmoreira,24
1540,jpaguero,24
1541,Guiziemann,24
1542,Cunhov,24
1543,brunorbarroso,24
1544,ronanft,24
1545,automatikblog,24
1546,blopaxcl,24
1547,leonardokatayama,24
1548,sonnqdromoderno,24
1549,KauaMB2,24
1550,davinunes,24
1551,netdados,24
1552,fodaci10,24
1553,felipehunter,24
1554,jarbasmedeiros,24
1555,Teorize,24
1556,eudiegoaragao,24
1557,samchambela,24
1558,isaquetdiniz,24
1559,AlejandroCaruso21,24
1560,Danilobrm,24
1561,cassolisolucoes,24
1562,cleiton1982,24
1563,lrebola,24
1564,cakrumen,0
1565,rickdroio,0
1566,VRAutomatize,18
1567,gustavo-ferreira03,18
1568,leonardostefani,18
1569,lucasjuvencio,18
1570,matheus-zit,18
1571,jeanjonathas,13
1572,rubslopes,13
1573,j0ng4b,18
1574,iceblz,18
1575,SrJhowBR,18
1576,matheusreis-oliveira,18
1577,acantidio,18
1578,rodrigo-p-a,18
1579,Theusmasiq,18
1580,zegnhabi,18
1581,Marcel-Calheiros,18
1582,pedrolucasoliva,18
1583,joansafr,18
1584,ilicilho,18
1585,raymendoza83,18
1586,pedromedev,18
1587,nicholassantoss,13
1588,jbtonelli,18
1589,augustodv,18
1590,i-monteiro,18
1591,thesaasfactorydev,18
1592,DevKleber,18
1593,rubasolutions,18
1594,marcio-reino,18
1595,rat,18
1596,Alptecsol,18
1597,ricagmarques,18
1598,bugzoidTM,18
1599,portaltn,18
1600,cleberdorea,18
1601,xLupus,18
1602,erickbrz,18
1603,LucasBueno007,18
1604,davidsonbsb,18
1605,lordjack,18
1606,brunosantoos,18
1607,WLpereira,3
1608,markinhok2,3
1609,tiagocaus,6
1610,lucasstxp,8
1611,wallacemartinss,8
1612,bodolay-prog,8
1613,manfromearthyt,8
1614,VitorAf0nso,13
1615,HeitorAgily,24
1616,ezzCoutinho,8
1617,DaianaSimao,8
1618,musemby,8
1619,iqueroman,8
1620,NathyG2524,8
1621,piranhyak,8
1622,dariogcode,8
1623,caiogui,62
1624,alamohf,33
1625,acauaferreira,6
1626,AlexSzefezuk,113
1627,zua-1,16
1628,MichelCF,16
1629,LineckerN,8
1630,renanpupin,26
1631,TheEmanuelSampaio,15
1632,BernardoGoems,15
1633,LucasRobs,15
1634,leomeneguzzi,15
1635,exvecchio-glitch,15
1636,StbanMc,24
1637,FabioAguiar-DS,24
1638,HyperviewBrasil,3
1639,maickom88,10
1640,henrique-nhrl,10
1641,brunaagathaph1,10
1642,JuniorrMacedo,10
1643,JonathanLopesM,6
1644,RenanAmaro,10
1645,afcasasfranco,6
1646,luimatheo99,10
1647,pedrormc,10
1648,McNickSisto,10
1649,agenciageraleads,10
1650,muhbianco,6
1651,eronGreco,5
1652,rafaeltreymor,8
1653,rlabanca,8
1654,flaviabanchieri,8
1655,Leandrogri,33
1656,jhonatan2462,114
1657,himanshusdeshmukh2106,115
1658,FelipeAugusto26,115
1659,jsalonl,115
1660,J-Pster,4
1661,merxhan,4
1662,Igor1Ryan,4
1663,brunogfox,4
1664,Evilazio,4
1665,Deyvi-dev,24
1666,PedroReckelEL,3
1667,eltonciatto,3
1668,yagoylc,3
1669,ricardoabr,3
1670,sstephanyy,116
1671,leofelipet,16
1672,matheusvalexd,24
1673,devrhapp,3
1674,GlennMHT,6
1675,augustoarnold13,6
1676,joanproductivo,6
1677,arnavgupta00,26
1678,paulocoutinhox,26
1679,nogran,3
1680,tripainao,3
1681,gabriellemos197,31
1682,walisilva,31
1683,viniciustrndd,31
1684,next4dev,3
1685,leocharrua,3
1686,spuksa,3
1687,AnthonyKamers,3
1688,MateusHBLima,3
1689,Wishaal,3
1690,ridan-genius,3
1691,mmacross,3
1692,naujfract,3
1693,eliezerazevedo,3
1694,braunericardo,33
1695,bitarneto,33
1696,giordano221,23
1697,decaffinetedturtle,23
1698,imleaver,23
1699,hipur,23
1700,maxisimonazzi,23
1701,nicolas-da-flly,23
1702,RCallejo2,23
1703,Edu-Luan,23
1704,bigdatafran,23
1705,mobinulislam143,23
1706,OscarAgent,10
1707,Moisesjr20,10
1708,tallesnicacio,10
1709,LCarrati,10
1710,PVTois,18
1711,owevertonguedes,10
1712,lucianomarcelino,10
1713,PedroPaiao,10
1714,atilasilvalima,10
1715,NocaoGamificada,10
1716,monklabgit,10
1717,arthurvenicio,10
1718,jassriver,10
1719,neophitus,10
1720,hqvnet,6
1721,MaicFonseca,6
1722,rbernardes,15
1723,JVini0166,15
1724,victoreduardo,15
1725,leoruza,0
1726,armand087,3
1727,Cris123m,3
1728,lacuentadeurielpe-ctrl,3
1729,ThenucleoBen,3
1730,thiagosmagalhaes,16
1731,heitor-s,16
1732,doryashar,117
1733,aleksander-pankow,117
1734,lamurian,117
1735,alanalvestech,117
1736,faelperetta,117
1737,GuilhermeLimaSP,117
1738,eudesmcf,16
1739,ifadl,3
1740,FireguiQueen,6
1741,SiteupAgencia,6
1742,jonathancostajr,23
1743,celoooocosta,6
1744,patronotech,15
1745,augustoformentao,15
1746,EUrubatan,3
1747,leonardomarcao,13
1748,alandequeiroz,18
1749,ar3pavini,18
1750,ricardozanga,13
1751,douglas161,18
1752,michemaximus,18
1753,eduardoabreu-ia,18
1754,gustavovitor,18
1755,viniciusverasdossantos,10
1756,Gugulima,18
1757,nepogabriel,18
1758,bryanwac,18
1759,claudioferrazb,18
1760,guiant32,18
1761,iurijalmeida,18
1762,rgisjr,18
1763,jorgenascimentoifs,18
1764,mauroalexandre,18
1765,alexgomesxg,13
1766,merkys7,18
1767,diegoprodev,18
1768,alvesph99,18
1769,Tomyx15,18
1770,Dec1o,18
1771,yuribco,18
1772,ViniciusBatista32,18
1773,guiguiari,18
1774,CleissonCardoso2025,18
1775,nathan-lopes,18
1776,heitorkfh,16
1777,stavososa,4
1778,GutoMaciel,4
1779,pedrotecinf,4
1780,cristiano-dianese,4
1781,fernandocostabr420,16
1782,maionegen,24
1783,Arenaz3,18
1784,ViniSiqueira,18
1785,cookfinances,18
1786,filipehdbr,118
1787,framemktdigital,3
1788,SrOliver202023,3
1789,henriquemod,119
1790,juliomoreirx,22
1791,rodrigoBrandaoDeSouza,22
1792,VitorFOG,22
1793,MrHoss,22
1794,brunopq,4
1795,soomiltech21,4
1796,alexander-mattos,3
1797,jporre,3
1798,lbernardo,14
1799,SebasCrucer,14
1800,pmas98,3
1801,schieck0,3
1802,welber,3
1803,danjtprod13213,3
1804,tondatto,3
1805,FlossyYuri,3
1806,rafaelMelgesCruzeiro,3
1807,douglasbrandao,3
1808,pledo,3
1809,emersonart,3
1810,mahabdalla,31
1811,leandrosroc,26
1812,andreilocks,3
1813,weslleyitelx,3
1814,DaniloHNovais,3
1815,renancandido01,3
1816,minutacio,4
1817,arktnld,3
1818,User1Growth7,0
1819,DouglasRenato,11
1820,AlanCWB,17
1821,w35l3y,17
1822,gabrieldeoa,3
1823,maxthetor,3
1824,enoksaju,6
1825,moskoweb,3
1826,periclesbezerra,3
1827,matheusleite,3
1828,likamee,3
1829,phsantosti,3
1830,jeffersonfelixdev,6
1831,haluwong,3
1832,jkenterprises-34,3
1833,mario-proteus-paypal,3
1834,tardisblink,0
1835,lucasbarsottini,24
1836,marcelorl,24
1837,fabio-bix,24
1838,EnriqueGF,3
1839,marcosvb1,3
1840,henrique062,3
1841,jhonmolano09,3
1842,orabanal,3
1843,joseeavrs,3
1844,FiniAppBr,3
1845,ajudanet,3
1846,ronaldoasilva,7
1847,atp-natan,7
1848,jhernandezb85,3
1849,ragnafanaticos,31
1850,saldorflorin,31
1851,manozzo,31
1852,estvita,3
1853,igorsamuelsouza22,10
1854,ebertti,120
1855,felipeleite11,7
1856,phpnato,7
1857,IcaruuS22,15
1858,tiagoluo,15
1859,altomarketing,15
1860,ismael-rodrigo,15
1861,pinguino132,15
1862,UniVersos1,3
1863,rennanfelipeto,3
1864,AhmadBinKhalil,3
1865,EmanuelMdz,3
1866,diegolinhares,3
1867,leonardoferreiradg,3
1868,Reikagilu,3
1869,spada23,3
1870,guilhermejansen,26
1871,iAm4badd0n,2
1872,luan-nvg,3
1873,AleAmla987,3
1874,aolmkt,16
1875,mbarrosz2,16
1876,pablomarcony,16
1877,arthur7114,16
1878,jjuniorxp,16
1879,igorMSoares,9
1880,felipersteles,3
1881,jesulo,3
1882,AsasInnab,3
1883,matheus051004,3
1884,ricardoltl,3
1885,theeusmartins,4
1886,i3wu,4
1887,crbueno-git,4
1888,danielfnz,4
1889,fhelyp05,4
1890,rafaelfvalim,4
1891,juanspina,4
1892,fCaioRibeiro,13
1893,RogerioAmaral,13
1894,wallisonfelipe,13
1895,bigdubr,13
1896,MarecoX,23
1897,diegotannure,13
1898,amctecnologia,13
1899,raphaelfranca,13
1900,RuanMD,3
1901,ofmarconi,3
1902,oslec,3
1903,julianomatias,3
1904,marks-zyz,3
1905,deskzap,121
1906,alexandreviolamelo,122
1907,Franruaben11,3
1908,guille1one,3
1909,Vladosur,17
1910,s-marques,20
1911,wcruz-br,20
1912,gausinopufmt,20
1913,tmw-development,20
1914,vihdamarques,20
1915,denismachiron,20
1916,abcdefabio,20
1917,mamv2137,20
1918,edmargomes,20
1919,kowaalski,20
1920,ericomattos,20
1921,CiceroBrunelli,20
1922,lufnascimento,20
1923,francisprecisaosistemas,20
1924,rondweb,20
1925,Rigolon,20
1926,jesse-orestes,20
1927,olavuwdev,20
1928,emersonxxl,20
1929,andcapbr-hub,20
1930,djalmaaraujo,8
1931,Matheus-Matta,15
1932,poggioni-dot,15
1933,joaomachado-pg,15
1934,hmassareli,3
1935,Alex-HC2024,31
1936,nilsonchagas,3
1937,oriondesign2015,26
1938,sourcery-ai[bot],4
1939,impa365,26
1940,luckymenbr,123
1941,kakoia,5
1942,micaelmz,5
1943,alexandrereyes,4
1944,muriloleal13,5
1945,gabrielmouallem,5
1946,rodps,5
1947,github-advanced-security[bot],33
1948,copilot-pull-request-reviewer[bot],33
1949,saraivabr,4
1950,lexdigital53-cmd,124
1951,dricaroguilherme-oss,125
1952,leobar37,4
1953,ricaelchiquetti,33
1954,moothz,4
1955,FELU66,4
1956,gomessguii,4
1957,douglasdgw,4
1958,cesar-carlos,4
1959,grichaud,4
1960,AlexandreD-Martins,4
1961,FaelN1,4
1962,guedesrv,4
1963,abbjunior123-wq,126
1964,makanakidev,4
1965,letfontenelle,4
1966,JonathanLopes404,4
1967,dersonbsb2022,33
1968,Copilot,33
1969,comeca-ai,4
1970,FRANKLIMPAIXAO,127
1971,guispiller,4
1972,JamsMendez,4
1973,anasavinic,4
1974,dependabot[bot],128
1975,yuvi95,4
1976,Nocelli,4
1977,elizandropacheco,4
1978,nicobernard,129
1979,Eudanielambrosio,4
1980,JoaoArtur,4
1981,josiasmaceda,4
1982,VCalazans,4
1983,LuisSantosJS,4
1984,roberto0arruda,130
1985,codingbox2022,4
1986,HellWolf93,4
1987,saulommartins,4
1988,birizinit,131
1989,caiquezanetoni,4
1990,bilaliqbalr,4
1991,MailoncBerni,4
1992,neto-developer,4
1993,Benjadevhw,132
1994,onerrogus,4
1995,henrybarreto,4
1996,DuilioMF,133
1997,joaobuso,134
1998,Viollet190623,135
1999,Vinicyus1914,4
2000,Deepakmalik27,136
2001,coreh,4
2002,Paulo22xxt,137
2003,minarkap,4
2004,alkanarslan,4
2005,AlexisJusviack,4
2006,alkimimcitty,4
2007,Devpwilmer,4
2008,leonardocintra,4
2009,guilherme-aguilar,4
2010,VambertoFarias,4
2011,borgesthiago,4
2012,matheus-de-araujo,4
2013,pauloboc,4
2014,gbrreel,4
2015,JrStarkmidia,4
2016,victor-lucrabot,4
2017,caduzin02,4
2018,autonomaia,138
2019,matheusfterra,4
2020,skarious,4
2021,ToniShelby,4
2022,costaeder,4
2023,splusoficial,139
2024,jeremias210421,4
2025,tms-desarrollo,4
2026,samuelterra22,20
2027,thrsouza,4
2028,R0DRIG0O,4
2029,Link33d,4
2030,bessa3301,26
2031,icaro-andrade,140
2032,luiis716,4
2033,Faelst,4
2034,jeffryjdelarosa,4
2035,hygorambevtech,4
2036,andre-xizto,6
2037,ricocorreia1,4
2038,alvestassio,4
2039,namormalves,26
2040,gabrielrf97,4
2041,wilton-ferreira,4
2042,freonzx,4
2043,marceloapd,4
2044,RodriguesCosta,4
2045,mbap-dev,4
2046,LuizFelipe-LF,4
2047,jrCleber,4
2048,pedroepif,4
2049,gmackbr,141
2050,julianoaj,142
2051,fernandoralha,143
2052,AndersonSilvaCavalcante,144
2053,GrimBit1,145
2054,wayre,146
2055,erixcel,147
2056,MarceloSoaresJr,26
2057,pedro3g,148
2058,proteusbr1,149
2059,vicentewncosta,26
2060,Allyson-Santana,150
2061,jesus-chacon,151
2062,fmorett,152
2063,ScrashOff,153
2064,EdmilsonSantana,154
2065,MarksonSolutions,155
2066,joaosantanadev,156
2067,Richards0nd,157
2068,ImPedro29,158
2069,lucastononro,159
2070,AlanCezarAraujo,160
2071,help-corretora,161
2072,Alexandre-Prado,162
2073,lucasiki,163
2074,gbotelho-kalo,164
2075,fmedeiros95,165
2076,adriel12319,166
2077,yousseefspires,158
2078,robjean9,167
2079,tassomuniz,168
2080,rafaelsantana6,169
2081,deivisonrpg,170
2082,FelipeWayne,171
2083,thelioo,172
2084,computer2407,173
2085,lucas-tomasi,174
2086,oismaelash,175
2087,vagners2,176
2088,hassan3kb,177
2089,lopesfontana,178
2090,judsonjuniorr,26
2091,mtuliosan,26
2092,olaronymax,179
2093,smad-bro,180
2094,diegomustafamarino,181
2095,galaxy23db,182
2096,paulillo,26
2097,robsoncombr,183
2098,milesibastos,184
2099,yantxs,185
2100,stenioanibal,186
2101,dev-luizf,187
2102,ustoppble,188
2103,matheusmaiberg,189
2104,fabioselau077,190
2105,Ppaulo-Rocha,191
2106,raimartinsb,192
2107,jtapeg,22
2108,rafaelbatistan,193
2109,samdamazio,100
2110,cark7,194
2111,Ckk3,195
2112,Al1st1c,196
2113,neanderdev,197
2114,hopchat,198
2115,jaison-x,199
2116,altemirjosecoelho,200
2117,PauloAK,201
2118,Luis-Fernando-Developer,26
2119,MicroprocessDev,202
2120,leandrogoncalves,203
2121,gabrielporfiro,204
2122,gabrielpastori1,26
2123,renatoiub,205
2124,w3nder,62
2125,4rielmendes,206
2126,lnmesquita1,207
2127,yvescleuder,170
2128,moraisamilton,26
2129,joelemanoel,26
2130,AlanMartines,208
2131,stgcompany,209
2132,purpshell,210
2133,suissa,17
2134,codephix,3
2135,craines,211
2136,vitorogen,212
2137,mareanalitica,213
2138,IsraelXabregas,214
2139,matheuskshn,215
2140,AdsonCicilioti,3
2141,franciscoeymardneto,216
2142,grdamasceno,217
2143,unilogica,3
2144,helioelias,3
2145,csxmaia,62
